tiff_file,distance,category,ground_truth
Thermal_357,6ft,Chest,31.6
Thermal_357,6ft,Forehead,33.2
Thermal_391,6ft,Forehead,36.3
Thermal_391,6ft,Chest,34.2
Thermal_334,2ft,Nose,34.9
Thermal_334,2ft,Forehead,33.5
Thermal_334,2ft,Chest,32.0
Thermal_412,10ft,Chest,32.0
Thermal_412,10ft,Forehead,33.8
Thermal_358,6ft,Chest,31.6
Thermal_358,6ft,Forehead,33.2
Thermal_358,6ft,Nose,33.9
Thermal_402,6ft,Forehead,34.5
Thermal_402,6ft,Chest,33.2
Thermal_394,6ft,Forehead,35.0
Thermal_394,6ft,Chest,33.3
Thermal_403,6ft,Forehead,34.4
Thermal_403,6ft,Chest,33.1
Thermal_333,2ft,Nose,35.5
Thermal_333,2ft,Forehead,34.2
Thermal_333,2ft,Chest,32.7
Thermal_352,6ft,Chest,32.1
Thermal_352,6ft,Forehead,33.5
Thermal_363,10ft,Chest,32.8
Thermal_363,10ft,Forehead,34.7
Thermal_407,10ft,Nose,33.3
Thermal_407,10ft,Forehead,34.1
Thermal_407,10ft,Chest,32.6
Thermal_351,6ft,Chest,32.2
Thermal_351,6ft,Forehead,34.2
Thermal_331,2ft,Forehead,35.1
Thermal_331,2ft,Nose,37.0
Thermal_331,2ft,Chest,34.1
Thermal_344,2ft,Nose,34.8
Thermal_344,2ft,Forehead,33.2
Thermal_344,2ft,Chest,32.0
Thermal_338,2ft,Nose,35.6
Thermal_338,2ft,Forehead,34.2
Thermal_338,2ft,Chest,32.6
Thermal_379,2ft,Nose,35.9
Thermal_379,2ft,Forehead,35.3
Thermal_379,2ft,Chest,34.4
Thermal_368,10ft,Chest,31.2
Thermal_397,6ft,Chest,32.9
Thermal_343,2ft,Nose,34.6
Thermal_343,2ft,Forehead,33.5
Thermal_343,2ft,Chest,32.2
Thermal_393,6ft,Nose,34.0
Thermal_393,6ft,Forehead,35.2
Thermal_393,6ft,Chest,33.3
Thermal_361,10ft,Chest,32.9
Thermal_361,10ft,Forehead,34.9
Thermal_414,10ft,Chest,31.8
Thermal_367,10ft,Chest,31.2
Thermal_339,2ft,Chest,32.2
Thermal_339,2ft,Nose,34.9
Thermal_339,2ft,Forehead,33.8
Thermal_387,2ft,Nose,34.5
Thermal_387,2ft,Chest,33.2
Thermal_411,10ft,Chest,32.1
Thermal_406,10ft,Chest,32.8
Thermal_406,10ft,Forehead,34.3
Thermal_398,6ft,Nose,33.9
Thermal_398,6ft,Forehead,33.8
Thermal_398,6ft,Chest,32.7
Thermal_345,2ft,Nose,33.7
Thermal_345,2ft,Forehead,33.2
Thermal_345,2ft,Chest,31.9
Thermal_364,10ft,Nose,33.5
Thermal_364,10ft,Forehead,34.5
Thermal_364,10ft,Chest,32.7
Thermal_378,2ft,Forehead,36.0
Thermal_378,2ft,Nose,35.4
Thermal_378,2ft,Chest,34.9
Thermal_404,6ft,Chest,32.9
Thermal_404,6ft,Forehead,34.3
Thermal_399,6ft,Nose,33.9
Thermal_399,6ft,Forehead,33.9
Thermal_399,6ft,Chest,32.4
Thermal_401,6ft,Chest,33.1
Thermal_401,6ft,Forehead,34.6
Thermal_342,2ft,Forehead,33.8
Thermal_342,2ft,Nose,35.2
Thermal_342,2ft,Chest,32.3
Thermal_356,6ft,Chest,31.5
Thermal_383,2ft,Nose,34.9
Thermal_383,2ft,Forehead,35.1
Thermal_383,2ft,Chest,33.9
Thermal_419,10ft,Chest,32.5
Thermal_396,6ft,Forehead,33.8
Thermal_396,6ft,Nose,32.6
Thermal_396,6ft,Chest,32.9
Thermal_380,2ft,Chest,33.8
Thermal_380,2ft,Nose,32.8
Thermal_385,2ft,Nose,34.4
Thermal_385,2ft,Forehead,35.0
Thermal_385,2ft,Chest,33.7
Thermal_347,6ft,Forehead,34.5
Thermal_347,6ft,Nose,35.5
Thermal_347,6ft,Chest,32.9
Thermal_405,6ft,Chest,32.8
Thermal_405,6ft,Forehead,34.2
Thermal_369,10ft,Chest,31.0
Thermal_418,10ft,Forehead,33.6
Thermal_418,10ft,Chest,32.6
Thermal_346,6ft,Forehead,34.7
Thermal_346,6ft,Chest,33.0
Thermal_416,10ft,Chest,32.7
Thermal_341,2ft,Forehead,34.0
Thermal_341,2ft,Nose,35.9
Thermal_341,2ft,Chest,32.4
Thermal_388,2ft,Chest,33.6
Thermal_388,2ft,Nose,35.4
Thermal_332,2ft,Forehead,34.9
Thermal_332,2ft,Nose,36.7
Thermal_332,2ft,Chest,33.6
Thermal_355,6ft,Chest,31.6
Thermal_355,6ft,Nose,34.1
Thermal_340,2ft,Forehead,34.2
Thermal_340,2ft,Nose,35.3
Thermal_340,2ft,Chest,32.5
Thermal_365,10ft,Chest,31.6
Thermal_335,2ft,Nose,33.8
Thermal_335,2ft,Forehead,33.1
Thermal_335,2ft,Chest,31.7
Thermal_384,2ft,Forehead,34.7
Thermal_384,2ft,Nose,35.9
Thermal_384,2ft,Chest,33.8
Thermal_382,2ft,Forehead,34.9
Thermal_382,2ft,Chest,34.2
Thermal_381,2ft,Chest,33.2
Thermal_381,2ft,Nose,34.7
Thermal_362,10ft,Forehead,34.9
Thermal_362,10ft,Chest,32.9
Thermal_400,6ft,Forehead,34.2
Thermal_400,6ft,Chest,32.3
Thermal_392,6ft,Chest,33.5
Thermal_392,6ft,Forehead,35.2
Thermal_413,10ft,Chest,32.0
Thermal_413,10ft,Forehead,33.4
Thermal_372,10ft,Nose,32.7
Thermal_372,10ft,Forehead,32.6
Thermal_372,10ft,Chest,30.8
Thermal_373,10ft,Chest,30.7
Thermal_373,10ft,Nose,32.0
Thermal_373,10ft,Forehead,32.3
Thermal_374,10ft,Nose,33.0
Thermal_374,10ft,Forehead,33.0
Thermal_374,10ft,Chest,31.3
Thermal_376,2ft,Chest,35.1
Thermal_376,2ft,Forehead,35.6
Thermal_376,2ft,Nose,36.7
Thermal_390,2ft,Forehead,34.2
Thermal_390,2ft,Chest,33.5
Thermal_409,10ft,Nose,32.3
Thermal_409,10ft,Chest,32.4
Thermal_389,2ft,Chest,33.5
Thermal_389,2ft,Nose,35.5
Thermal_359,6ft,Forehead,33.2
Thermal_359,6ft,Chest,31.8
Thermal_386,2ft,Nose,34.0
Thermal_386,2ft,Forehead,34.1
Thermal_386,2ft,Chest,33.3
Thermal_420,10ft,Forehead,33.7
Thermal_420,10ft,Chest,32.5
Thermal_336,2ft,Nose,36.4
Thermal_336,2ft,Forehead,34.7
Thermal_336,2ft,Chest,33.2
Thermal_348,6ft,Nose,35.0
Thermal_348,6ft,Forehead,34.5
Thermal_348,6ft,Chest,32.7
Thermal_366,10ft,Chest,31.4
Thermal_349,6ft,Chest,32.8
Thermal_349,6ft,Forehead,34.4
Thermal_370,10ft,Chest,30.9
Thermal_360,6ft,Nose,33.8
Thermal_360,6ft,Forehead,33.3
Thermal_360,6ft,Chest,31.8
Thermal_337,2ft,Forehead,34.2
Thermal_337,2ft,Nose,36.4
Thermal_337,2ft,Chest,32.8
Thermal_375,10ft,Forehead,33.3
Thermal_375,10ft,Chest,31.4
Thermal_417,10ft,Nose,34.2
Thermal_417,10ft,Forehead,33.6
Thermal_417,10ft,Chest,32.7
Thermal_350,6ft,Nose,34.7
Thermal_350,6ft,Forehead,34.5
Thermal_350,6ft,Chest,32.7
Thermal_395,6ft,Nose,33.9
Thermal_395,6ft,Forehead,34.1
Thermal_395,6ft,Chest,33.1
Thermal_377,2ft,Nose,35.2
Thermal_377,2ft,Forehead,34.9
Thermal_377,2ft,Chest,33.8
Thermal_371,10ft,Chest,30.9
Thermal_371,10ft,Forehead,32.6
Thermal_415,10ft,Chest,31.8
Thermal_408,10ft,Forehead,34.2
Thermal_408,10ft,Chest,32.6
Thermal_353,6ft,Nose,34.2
Thermal_353,6ft,Forehead,33.6
Thermal_353,6ft,Chest,32.0
Thermal_410,10ft,Chest,32.3
Thermal_410,10ft,Forehead,34.1
Thermal_354,6ft,Chest,31.7
Thermal_354,6ft,Forehead,33.3
Thermal_272,10ft,Forehead,36.3
Thermal_272,10ft,Nose,36.6
Thermal_272,10ft,Chest,35.1
Thermal_255,2ft,Forehead,35.8
Thermal_255,2ft,Chest,34.2
Thermal_297,2ft,Forehead,35.5
Thermal_297,2ft,Nose,35.8
Thermal_297,2ft,Chest,33.0
Thermal_320,10ft,Chest,31.7
Thermal_265,6ft,Forehead,34.0
Thermal_265,6ft,Chest,33.0
Thermal_301,6ft,Chest,33.6
Thermal_327,10ft,Chest,31.7
Thermal_287,2ft,Chest,33.3
Thermal_287,2ft,Forehead,35.1
Thermal_287,2ft,Nose,35.3
Thermal_304,6ft,Chest,33.5
Thermal_304,6ft,Forehead,35.7
Thermal_258,6ft,Chest,34.6
Thermal_289,2ft,Chest,32.4
Thermal_289,2ft,Forehead,34.0
Thermal_289,2ft,Nose,34.5
Thermal_279,10ft,Chest,34.1
Thermal_313,6ft,Chest,32.6
Thermal_259,6ft,Forehead,35.5
Thermal_259,6ft,Nose,35.7
Thermal_259,6ft,Chest,34.3
Thermal_263,6ft,Chest,33.4
Thermal_302,6ft,Chest,33.6
Thermal_271,10ft,Forehead,36.7
Thermal_271,10ft,Nose,36.9
Thermal_271,10ft,Chest,35.3
Thermal_305,6ft,Forehead,35.2
Thermal_305,6ft,Chest,33.6
Thermal_312,6ft,Chest,32.7
Thermal_248,2ft,Forehead,35.2
Thermal_248,2ft,Nose,35.2
Thermal_248,2ft,Chest,34.2
Thermal_292,2ft,Forehead,35.7
Thermal_292,2ft,Chest,33.6
Thermal_311,6ft,Chest,32.7
Thermal_251,2ft,Forehead,35.8
Thermal_251,2ft,Nose,35.5
Thermal_251,2ft,Chest,34.6
Thermal_274,10ft,Chest,34.3
Thermal_274,10ft,Nose,35.8
Thermal_257,6ft,Forehead,35.9
Thermal_257,6ft,Nose,36.2
Thermal_257,6ft,Chest,34.8
Thermal_246,2ft,Chest,34.6
Thermal_246,2ft,Nose,35.6
Thermal_246,2ft,Forehead,35.8
Thermal_308,6ft,Chest,33.2
Thermal_290,2ft,Chest,31.8
Thermal_290,2ft,Forehead,33.3
Thermal_290,2ft,Nose,33.4
Thermal_315,6ft,Chest,32.4
Thermal_273,10ft,Chest,34.9
Thermal_284,10ft,Chest,32.9
Thermal_267,6ft,Chest,34.3
Thermal_267,6ft,Forehead,35.6
Thermal_269,6ft,Chest,34.0
Thermal_269,6ft,Forehead,35.6
Thermal_291,2ft,Forehead,35.6
Thermal_291,2ft,Chest,33.8
Thermal_291,2ft,Nose,33.9
Thermal_281,10ft,Chest,33.5
Thermal_325,10ft,Chest,31.0
Thermal_288,2ft,Chest,32.9
Thermal_288,2ft,Forehead,34.9
Thermal_288,2ft,Nose,35.3
Thermal_275,10ft,Chest,33.9
Thermal_275,10ft,Forehead,35.3
Thermal_294,2ft,Forehead,34.9
Thermal_294,2ft,Chest,32.9
Thermal_328,10ft,Chest,31.7
Thermal_276,10ft,Chest,33.3
Thermal_324,10ft,Chest,31.2
Thermal_317,10ft,Chest,32.7
Thermal_317,10ft,Forehead,35.4
Thermal_278,10ft,Chest,34.4
Thermal_270,6ft,Forehead,35.3
Thermal_270,6ft,Nose,35.2
Thermal_270,6ft,Chest,34.0
Thermal_316,10ft,Chest,32.8
Thermal_309,6ft,Chest,33.2
Thermal_303,6ft,Chest,33.6
Thermal_326,10ft,Chest,31.0
Thermal_261,6ft,Chest,34.0
Thermal_307,6ft,Chest,33.4
Thermal_266,6ft,Chest,34.5
Thermal_266,6ft,Forehead,35.5
Thermal_300,2ft,Chest,32.7
Thermal_300,2ft,Forehead,34.9
Thermal_300,2ft,Nose,34.8
Thermal_295,2ft,Chest,32.8
Thermal_283,10ft,Forehead,34.5
Thermal_283,10ft,Nose,34.9
Thermal_283,10ft,Chest,33.0
Thermal_245,2ft,Forehead,36.4
Thermal_245,2ft,Chest,34.9
Thermal_245,2ft,Nose,36.1
Thermal_241,2ft,Forehead,35.9
Thermal_241,2ft,Nose,36.3
Thermal_241,2ft,Chest,34.6
Thermal_249,2ft,Chest,34.9
Thermal_249,2ft,Nose,35.7
Thermal_253,2ft,Forehead,35.7
Thermal_306,6ft,Chest,33.3
Thermal_296,2ft,Chest,32.5
Thermal_296,2ft,Forehead,35.0
Thermal_262,6ft,Chest,33.6
Thermal_286,2ft,Forehead,35.5
Thermal_286,2ft,Nose,35.5
Thermal_286,2ft,Chest,33.5
Thermal_244,2ft,Forehead,36.5
Thermal_244,2ft,Nose,36.9
Thermal_244,2ft,Chest,35.4
Thermal_264,6ft,Chest,33.3
Thermal_293,2ft,Chest,33.5
Thermal_293,2ft,Forehead,35.4
Thermal_298,2ft,Chest,32.9
Thermal_298,2ft,Forehead,35.3
Thermal_298,2ft,Nose,35.4
Thermal_256,6ft,Forehead,36.2
Thermal_256,6ft,Nose,36.4
Thermal_256,6ft,Chest,34.9
Thermal_330,10ft,Chest,31.6
Thermal_260,6ft,Chest,34.1
Thermal_260,6ft,Forehead,35.1
Thermal_260,6ft,Nose,34.7
Thermal_319,10ft,Chest,31.7
Thermal_318,10ft,Chest,31.8
Thermal_299,2ft,Forehead,35.1
Thermal_299,2ft,Chest,32.8
Thermal_285,10ft,Chest,33.9
Thermal_280,10ft,Chest,33.7
Thermal_243,2ft,Forehead,34.8
Thermal_243,2ft,Nose,34.8
Thermal_243,2ft,Chest,33.9
Thermal_314,6ft,Chest,32.6
Thermal_250,2ft,Chest,34.7
Thermal_310,6ft,Chest,33.1
Thermal_242,2ft,Forehead,35.5
Thermal_242,2ft,Nose,35.7
Thermal_242,2ft,Chest,34.4
Thermal_282,10ft,Forehead,33.9
Thermal_282,10ft,Chest,33.2
Thermal_268,6ft,Chest,34.2
Thermal_268,6ft,Forehead,35.6
Thermal_321,10ft,Chest,31.6
Thermal_277,10ft,Chest,34.5
Thermal_254,2ft,Forehead,35.8
Thermal_254,2ft,Nose,36.1
Thermal_254,2ft,Chest,34.3
Thermal_323,10ft,Chest,31.4
Thermal_247,2ft,Forehead,35.3
Thermal_247,2ft,Nose,35.5
Thermal_247,2ft,Chest,34.3
Thermal_252,2ft,Forehead,35.8
Thermal_252,2ft,Nose,36.1
Thermal_252,2ft,Chest,34.5
Thermal_329,10ft,Chest,31.5
Thermal_322,10ft,Chest,31.5
Thermal_497,10ft,Chest,34.7
Thermal_458,10ft,Chest,32.1
Thermal_458,10ft,Forehead,31.8
Thermal_460,10ft,Chest,31.9
Thermal_466,2ft,Chest,35.9
Thermal_466,2ft,Nose,36.3
Thermal_466,2ft,Forehead,35.7
Thermal_430,2ft,Chest,32.7
Thermal_430,2ft,Nose,34.3
Thermal_430,2ft,Forehead,34.1
Thermal_481,6ft,Chest,36.1
Thermal_440,6ft,Chest,32.6
Thermal_440,6ft,Forehead,33.2
Thermal_440,6ft,Nose,32.0
Thermal_465,10ft,Chest,31.4
Thermal_451,10ft,Chest,32.6
Thermal_451,10ft,Forehead,33.6
Thermal_484,6ft,Chest,35.3
Thermal_484,6ft,Forehead,36.3
Thermal_484,6ft,Nose,35.0
Thermal_467,2ft,Chest,35.4
Thermal_467,2ft,Forehead,35.3
Thermal_467,2ft,Nose,36.4
Thermal_450,6ft,Chest,32.8
Thermal_450,6ft,Forehead,33.0
Thermal_450,6ft,Nose,32.8
Thermal_472,2ft,Chest,34.4
Thermal_472,2ft,Forehead,35.0
Thermal_472,2ft,Nose,35.2
Thermal_471,2ft,Chest,35.0
Thermal_471,2ft,Forehead,35.8
Thermal_471,2ft,Nose,35.3
Thermal_452,10ft,Chest,32.6
Thermal_452,10ft,Forehead,33.2
Thermal_493,6ft,Chest,33.9
Thermal_493,6ft,Forehead,33.8
Thermal_495,6ft,Chest,34.7
Thermal_495,6ft,Forehead,35.0
Thermal_495,6ft,Nose,36.2
Thermal_509,10ft,Chest,34.0
Thermal_506,10ft,Chest,34.5
Thermal_444,6ft,Chest,31.7
Thermal_444,6ft,Forehead,31.6
Thermal_443,6ft,Chest,31.8
Thermal_443,6ft,Forehead,32.1
Thermal_492,6ft,Chest,34.0
Thermal_435,2ft,Chest,33.7
Thermal_435,2ft,Forehead,35.1
Thermal_435,2ft,Nose,35.2
Thermal_446,6ft,Chest,33.2
Thermal_446,6ft,Forehead,34.2
Thermal_503,10ft,Chest,33.3
Thermal_448,6ft,Chest,32.9
Thermal_448,6ft,Forehead,34.0
Thermal_427,2ft,Chest,33.3
Thermal_427,2ft,Nose,34.6
Thermal_427,2ft,Forehead,35.1
Thermal_510,10ft,Chest,33.9
Thermal_433,2ft,Forehead,34.0
Thermal_433,2ft,Nose,34.1
Thermal_433,2ft,Chest,32.4
Thermal_449,6ft,Chest,32.9
Thermal_449,6ft,Forehead,33.4
Thermal_479,2ft,Chest,34.4
Thermal_479,2ft,Nose,33.9
Thermal_479,2ft,Forehead,34.8
Thermal_494,6ft,Chest,34.8
Thermal_494,6ft,Forehead,35.6
Thermal_462,10ft,Chest,31.7
Thermal_462,10ft,Forehead,32.7
Thermal_429,2ft,Chest,32.9
Thermal_429,2ft,Nose,34.0
Thermal_429,2ft,Forehead,34.0
Thermal_507,10ft,Chest,34.3
Thermal_442,6ft,Chest,31.9
Thermal_442,6ft,Forehead,32.5
Thermal_482,6ft,Chest,36.0
Thermal_482,6ft,Forehead,36.2
Thermal_482,6ft,Nose,37.5
Thermal_453,10ft,Chest,32.5
Thermal_470,2ft,Chest,35.2
Thermal_470,2ft,Forehead,36.0
Thermal_470,2ft,Nose,35.1
Thermal_487,6ft,Chest,35.0
Thermal_474,2ft,Chest,33.9
Thermal_474,2ft,Nose,34.9
Thermal_474,2ft,Forehead,34.0
Thermal_464,10ft,Chest,31.4
Thermal_464,10ft,Forehead,32.5
Thermal_483,6ft,Chest,35.7
Thermal_483,6ft,Forehead,36.6
Thermal_483,6ft,Nose,37.0
Thermal_477,2ft,Chest,34.7
Thermal_477,2ft,Nose,35.2
Thermal_477,2ft,Forehead,34.5
Thermal_459,10ft,Chest,31.9
Thermal_459,10ft,Forehead,31.7
Thermal_486,6ft,Chest,35.3
Thermal_486,6ft,Forehead,36.3
Thermal_421,2ft,Chest,34.3
Thermal_421,2ft,Forehead,36.0
Thermal_421,2ft,Nose,36.3
Thermal_485,6ft,Chest,35.0
Thermal_485,6ft,Forehead,36.1
Thermal_473,2ft,Chest,34.2
Thermal_473,2ft,Forehead,34.7
Thermal_473,2ft,Nose,35.3
Thermal_428,2ft,Chest,33.1
Thermal_428,2ft,Forehead,34.1
Thermal_428,2ft,Nose,34.7
Thermal_478,2ft,Chest,34.5
Thermal_478,2ft,Forehead,34.8
Thermal_478,2ft,Nose,34.9
Thermal_422,2ft,Forehead,35.7
Thermal_422,2ft,Nose,35.9
Thermal_422,2ft,Chest,34.1
Thermal_454,10ft,Chest,32.4
Thermal_454,10ft,Forehead,32.9
Thermal_491,6ft,Chest,34.1
Thermal_457,10ft,Chest,32.2
Thermal_455,10ft,Chest,32.3
Thermal_455,10ft,Forehead,33.0
Thermal_490,6ft,Chest,34.4
Thermal_431,2ft,Chest,32.6
Thermal_431,2ft,Forehead,34.5
Thermal_431,2ft,Nose,34.3
Thermal_434,2ft,Chest,33.8
Thermal_434,2ft,Forehead,34.9
Thermal_434,2ft,Nose,34.5
Thermal_469,2ft,Chest,35.4
Thermal_469,2ft,Forehead,36.1
Thermal_469,2ft,Nose,36.0
Thermal_438,6ft,Chest,33.2
Thermal_438,6ft,Forehead,34.0
Thermal_438,6ft,Nose,33.6
Thermal_480,2ft,Chest,34.3
Thermal_480,2ft,Forehead,34.2
Thermal_480,2ft,Nose,35.4
Thermal_463,10ft,Chest,31.5
Thermal_463,10ft,Forehead,32.6
Thermal_496,10ft,Chest,34.9
Thermal_496,10ft,Forehead,35.1
Thermal_437,6ft,Chest,33.5
Thermal_437,6ft,Forehead,34.5
Thermal_437,6ft,Nose,35.0
Thermal_436,6ft,Chest,35.5
Thermal_436,6ft,Forehead,36.4
Thermal_436,6ft,Nose,36.7
Thermal_439,6ft,Chest,32.9
Thermal_439,6ft,Forehead,33.4
Thermal_439,6ft,Nose,33.5
Thermal_498,10ft,Chest,34.5
Thermal_508,10ft,Chest,34.2
Thermal_499,10ft,Chest,34.2
Thermal_489,6ft,Chest,34.5
Thermal_432,2ft,Chest,32.4
Thermal_432,2ft,Nose,33.6
Thermal_432,2ft,Forehead,34.3
Thermal_441,6ft,Chest,32.2
Thermal_441,6ft,Nose,32.0
Thermal_426,2ft,Chest,33.5
Thermal_426,2ft,Forehead,35.2
Thermal_426,2ft,Nose,34.5
Thermal_505,10ft,Chest,34.5
Thermal_425,2ft,Chest,33.7
Thermal_425,2ft,Forehead,35.4
Thermal_425,2ft,Nose,35.8
Thermal_424,2ft,Chest,33.8
Thermal_424,2ft,Nose,34.7
Thermal_424,2ft,Forehead,35.1
Thermal_447,6ft,Chest,33.1
Thermal_447,6ft,Forehead,34.1
Thermal_500,10ft,Chest,34.0
Thermal_475,2ft,Chest,35.1
Thermal_476,2ft,Chest,34.8
Thermal_476,2ft,Nose,35.6
Thermal_476,2ft,Forehead,34.5
Thermal_423,2ft,Forehead,35.5
Thermal_423,2ft,Nose,35.5
Thermal_423,2ft,Chest,34.0
Thermal_502,10ft,Chest,33.5
Thermal_456,10ft,Chest,32.2
Thermal_445,6ft,Chest,33.3
Thermal_445,6ft,Forehead,34.1
Thermal_445,6ft,Nose,34.1
Thermal_461,10ft,Chest,31.6
Thermal_468,2ft,Chest,35.1
Thermal_468,2ft,Nose,36.1
Thermal_468,2ft,Forehead,35.1
Thermal_504,10ft,Chest,33.2
Thermal_488,6ft,Chest,34.8
Thermal_623,6ft,Chest,30.4
Thermal_623,6ft,Forehead,33.1
Thermal_1012,2ft,Chest,32.2
Thermal_1012,2ft,Forehead,35.7
Thermal_1012,2ft,Nose,34.3
Thermal_613,2ft,Chest,30.9
Thermal_613,2ft,Forehead,33.3
Thermal_613,2ft,Nose,33.1
Thermal_679,10ft,Chest,31.4
Thermal_795,2ft,Chest,31.5
Thermal_808,6ft,Chest,31.5
Thermal_808,6ft,Nose,33.4
Thermal_844,6ft,Chest,32.3
Thermal_741,2ft,Chest,31.8
Thermal_741,2ft,Forehead,34.7
Thermal_741,2ft,Nose,34.0
Thermal_514,2ft,Chest,31.0
Thermal_514,2ft,Forehead,33.3
Thermal_514,2ft,Nose,33.8
Thermal_705,2ft,Chest,32.1
Thermal_705,2ft,Forehead,34.8
Thermal_867,10ft,Chest,31.6
Thermal_833,2ft,Chest,33.0
Thermal_898,6ft,Chest,31.6
Thermal_591,10ft,Chest,30.2
Thermal_591,10ft,Forehead,32.8
Thermal_552,10ft,Chest,29.9
Thermal_552,10ft,Forehead,32.7
Thermal_1018,2ft,Chest,30.8
Thermal_1018,2ft,Forehead,33.5
Thermal_1018,2ft,Nose,32.8
Thermal_973,2ft,Chest,32.8
Thermal_973,2ft,Forehead,35.4
Thermal_766,10ft,Chest,32.9
Thermal_732,10ft,Chest,32.2
Thermal_661,6ft,Chest,32.3
Thermal_956,10ft,Chest,29.3
Thermal_947,10ft,Chest,30.8
Thermal_654,2ft,Chest,31.6
Thermal_654,2ft,Nose,32.6
Thermal_654,2ft,Forehead,33.4
Thermal_859,10ft,Chest,33.2
Thermal_863,10ft,Chest,32.1
Thermal_807,6ft,Chest,31.5
Thermal_746,2ft,Chest,32.4
Thermal_746,2ft,Forehead,35.1
Thermal_746,2ft,Nose,34.4
Thermal_731,10ft,Chest,32.2
Thermal_874,2ft,Chest,31.5
Thermal_874,2ft,Forehead,33.8
Thermal_874,2ft,Nose,33.9
Thermal_777,10ft,Chest,30.7
Thermal_675,6ft,Chest,30.1
Thermal_798,6ft,Chest,33.1
Thermal_989,6ft,Chest,32.5
Thermal_744,2ft,Chest,32.6
Thermal_744,2ft,Forehead,35.1
Thermal_1044,10ft,Chest,30.8
Thermal_1044,10ft,Forehead,33.2
Thermal_815,10ft,Chest,31.4
Thermal_587,10ft,Chest,31.5
Thermal_587,10ft,Forehead,34.8
Thermal_653,2ft,Chest,31.5
Thermal_653,2ft,Nose,32.9
Thermal_816,10ft,Chest,31.3
Thermal_811,10ft,Chest,32.8
Thermal_1025,6ft,Chest,31.4
Thermal_1025,6ft,Forehead,34.0
Thermal_1042,10ft,Chest,30.9
Thermal_1002,10ft,Chest,32.0
Thermal_724,10ft,Chest,33.5
Thermal_715,6ft,Chest,32.0
Thermal_743,2ft,Chest,31.3
Thermal_743,2ft,Forehead,33.8
Thermal_547,10ft,Chest,29.0
Thermal_930,2ft,Chest,30.8
Thermal_930,2ft,Forehead,34.4
Thermal_596,10ft,Chest,28.9
Thermal_596,10ft,Forehead,31.7
Thermal_717,6ft,Chest,31.9
Thermal_909,10ft,Chest,31.6
Thermal_918,2ft,Chest,30.3
Thermal_918,2ft,Forehead,33.4
Thermal_610,2ft,Chest,31.0
Thermal_610,2ft,Forehead,33.3
Thermal_610,2ft,Nose,33.2
Thermal_530,6ft,Chest,29.2
Thermal_597,10ft,Chest,29.0
Thermal_804,6ft,Chest,31.2
Thermal_756,6ft,Chest,30.8
Thermal_1045,10ft,Chest,30.6
Thermal_522,2ft,Chest,29.8
Thermal_522,2ft,Forehead,33.6
Thermal_925,2ft,Chest,30.6
Thermal_799,6ft,Chest,32.9
Thermal_799,6ft,Nose,35.0
Thermal_941,6ft,Chest,29.9
Thermal_624,6ft,Chest,30.3
Thermal_787,2ft,Chest,31.2
Thermal_868,10ft,Chest,31.7
Thermal_619,6ft,Chest,30.9
Thermal_619,6ft,Forehead,32.9
Thermal_830,2ft,Chest,32.7
Thermal_937,6ft,Chest,30.4
Thermal_1047,10ft,Chest,31.5
Thermal_969,2ft,Chest,33.1
Thermal_969,2ft,Forehead,35.2
Thermal_969,2ft,Nose,33.5
Thermal_873,2ft,Chest,31.9
Thermal_873,2ft,Forehead,34.3
Thermal_873,2ft,Nose,34.4
Thermal_557,2ft,Chest,31.5
Thermal_557,2ft,Forehead,34.8
Thermal_557,2ft,Nose,34.9
Thermal_572,6ft,Chest,31.8
Thermal_572,6ft,Forehead,35.0
Thermal_853,6ft,Chest,32.5
Thermal_1016,2ft,Chest,31.3
Thermal_1016,2ft,Forehead,34.4
Thermal_1016,2ft,Nose,32.3
Thermal_984,6ft,Chest,32.2
Thermal_891,6ft,Chest,32.2
Thermal_684,10ft,Chest,29.6
Thermal_796,6ft,Chest,33.2
Thermal_796,6ft,Nose,35.3
Thermal_702,2ft,Forehead,34.9
Thermal_702,2ft,Chest,32.6
Thermal_728,10ft,Chest,32.7
Thermal_585,6ft,Chest,30.3
Thermal_585,6ft,Nose,32.4
Thermal_585,6ft,Forehead,33.1
Thermal_531,6ft,Chest,29.0
Thermal_531,6ft,Nose,33.4
Thermal_600,10ft,Chest,29.8
Thermal_879,2ft,Chest,31.6
Thermal_879,2ft,Forehead,33.9
Thermal_879,2ft,Nose,33.5
Thermal_767,10ft,Chest,32.4
Thermal_790,2ft,Chest,31.3
Thermal_790,2ft,Forehead,34.3
Thermal_635,10ft,Chest,30.1
Thermal_517,2ft,Chest,29.7
Thermal_517,2ft,Forehead,31.6
Thermal_517,2ft,Nose,32.9
Thermal_524,2ft,Chest,29.8
Thermal_524,2ft,Forehead,33.1
Thermal_639,10ft,Chest,29.3
Thermal_917,2ft,Forehead,33.0
Thermal_917,2ft,Nose,29.6
Thermal_917,2ft,Chest,30.5
Thermal_934,6ft,Chest,31.3
Thermal_511,2ft,Chest,32.4
Thermal_511,2ft,Forehead,35.1
Thermal_511,2ft,Nose,35.8
Thermal_632,10ft,Chest,31.8
Thermal_878,2ft,Chest,31.7
Thermal_878,2ft,Forehead,33.9
Thermal_878,2ft,Nose,34.2
Thermal_693,2ft,Chest,32.9
Thermal_693,2ft,Nose,34.6
Thermal_693,2ft,Forehead,35.0
Thermal_1050,10ft,Chest,31.3
Thermal_575,6ft,Chest,30.6
Thermal_801,6ft,Chest,31.6
Thermal_939,6ft,Chest,30.0
Thermal_737,2ft,Chest,33.2
Thermal_737,2ft,Forehead,36.4
Thermal_737,2ft,Nose,36.3
Thermal_646,2ft,Chest,31.9
Thermal_646,2ft,Nose,32.8
Thermal_646,2ft,Forehead,34.3
Thermal_905,10ft,Chest,31.3
Thermal_949,10ft,Chest,30.7
Thermal_869,10ft,Chest,31.5
Thermal_794,2ft,Chest,31.5
Thermal_794,2ft,Forehead,34.3
Thermal_794,2ft,Nose,32.8
Thermal_607,2ft,Nose,33.1
Thermal_607,2ft,Forehead,33.4
Thermal_607,2ft,Chest,31.6
Thermal_657,2ft,Chest,31.8
Thermal_729,10ft,Chest,32.6
Thermal_678,10ft,Chest,31.4
Thermal_1024,6ft,Chest,31.8
Thermal_1024,6ft,Forehead,34.9
Thermal_571,6ft,Chest,32.3
Thermal_571,6ft,Forehead,35.2
Thermal_1007,2ft,Chest,33.9
Thermal_1007,2ft,Forehead,37.2
Thermal_1007,2ft,Nose,36.4
Thermal_914,10ft,Chest,31.0
Thermal_1038,10ft,Chest,31.6
Thermal_1038,10ft,Forehead,33.9
Thermal_827,2ft,Chest,33.1
Thermal_827,2ft,Forehead,35.5
Thermal_827,2ft,Nose,34.3
Thermal_983,6ft,Chest,32.4
Thermal_987,6ft,Chest,32.5
Thermal_689,10ft,Chest,29.8
Thermal_677,10ft,Chest,31.5
Thermal_710,6ft,Chest,32.3
Thermal_710,6ft,Forehead,34.3
Thermal_647,2ft,Chest,32.3
Thermal_647,2ft,Nose,34.3
Thermal_966,2ft,Chest,33.6
Thermal_966,2ft,Nose,35.5
Thermal_708,6ft,Chest,32.3
Thermal_995,10ft,Chest,32.8
Thermal_621,6ft,Chest,30.6
Thermal_564,2ft,Chest,30.0
Thermal_564,2ft,Forehead,32.3
Thermal_793,2ft,Chest,31.4
Thermal_866,10ft,Chest,31.8
Thermal_758,6ft,Chest,32.0
Thermal_543,10ft,Chest,30.3
Thermal_543,10ft,Forehead,33.0
Thermal_755,6ft,Chest,31.2
Thermal_692,2ft,Chest,33.0
Thermal_692,2ft,Forehead,35.4
Thermal_692,2ft,Nose,35.1
Thermal_955,10ft,Chest,29.6
Thermal_899,6ft,Chest,31.5
Thermal_931,6ft,Chest,31.5
Thermal_931,6ft,Forehead,34.5
Thermal_1000,10ft,Chest,32.1
Thermal_871,2ft,Chest,32.3
Thermal_871,2ft,Forehead,35.2
Thermal_871,2ft,Nose,35.4
Thermal_943,6ft,Chest,29.7
Thermal_908,10ft,Chest,31.6
Thermal_843,6ft,Chest,32.6
Thermal_1033,6ft,Chest,31.4
Thermal_848,6ft,Chest,32.0
Thermal_997,10ft,Chest,32.4
Thermal_736,2ft,Chest,33.2
Thermal_736,2ft,Forehead,36.4
Thermal_736,2ft,Nose,36.7
Thermal_959,10ft,Chest,29.3
Thermal_946,10ft,Chest,30.9
Thermal_565,2ft,Chest,31.2
Thermal_565,2ft,Forehead,33.6
Thermal_565,2ft,Nose,33.6
Thermal_536,6ft,Chest,29.4
Thermal_536,6ft,Forehead,32.8
Thermal_1029,6ft,Chest,31.2
Thermal_1029,6ft,Forehead,33.7
Thermal_772,10ft,Chest,30.8
Thermal_924,2ft,Chest,30.7
Thermal_558,2ft,Chest,31.2
Thermal_558,2ft,Forehead,34.7
Thermal_558,2ft,Nose,34.9
Thermal_594,10ft,Chest,29.0
Thermal_783,2ft,Chest,31.4
Thermal_783,2ft,Forehead,33.7
Thermal_940,6ft,Chest,30.0
Thermal_797,6ft,Chest,33.1
Thermal_513,2ft,Chest,30.9
Thermal_513,2ft,Forehead,34.0
Thermal_513,2ft,Nose,33.6
Thermal_854,6ft,Chest,32.4
Thermal_719,6ft,Chest,32.2
Thermal_812,10ft,Chest,32.7
Thermal_785,2ft,Chest,31.1
Thermal_1011,2ft,Chest,32.4
Thermal_1011,2ft,Forehead,35.9
Thermal_1011,2ft,Nose,34.7
Thermal_922,2ft,Chest,31.1
Thermal_922,2ft,Forehead,32.4
Thermal_533,6ft,Chest,29.8
Thermal_533,6ft,Forehead,33.0
Thermal_533,6ft,Nose,32.3
Thermal_529,6ft,Chest,29.2
Thermal_529,6ft,Forehead,32.7
Thermal_901,10ft,Chest,32.8
Thermal_711,6ft,Chest,32.2
Thermal_1039,10ft,Chest,31.3
Thermal_999,10ft,Chest,32.2
Thermal_860,10ft,Chest,33.2
Thermal_690,10ft,Chest,29.8
Thermal_788,2ft,Chest,31.2
Thermal_788,2ft,Nose,32.4
Thermal_788,2ft,Forehead,34.5
Thermal_1035,6ft,Chest,31.5
Thermal_1035,6ft,Forehead,33.8
Thermal_1013,2ft,Chest,31.9
Thermal_1013,2ft,Forehead,35.4
Thermal_1013,2ft,Nose,34.4
Thermal_1006,2ft,Chest,33.9
Thermal_1006,2ft,Forehead,37.7
Thermal_1006,2ft,Nose,36.3
Thermal_858,10ft,Chest,33.3
Thermal_738,2ft,Forehead,35.6
Thermal_738,2ft,Nose,35.5
Thermal_738,2ft,Chest,32.7
Thermal_1001,10ft,Chest,31.9
Thermal_703,2ft,Forehead,34.3
Thermal_703,2ft,Nose,34.1
Thermal_703,2ft,Chest,32.4
Thermal_810,6ft,Chest,31.4
Thermal_791,2ft,Chest,31.4
Thermal_791,2ft,Nose,32.3
Thermal_791,2ft,Forehead,34.7
Thermal_792,2ft,Chest,31.4
Thermal_792,2ft,Forehead,34.6
Thermal_792,2ft,Nose,32.7
Thermal_778,10ft,Chest,30.5
Thermal_900,6ft,Chest,31.5
Thermal_769,10ft,Chest,31.9
Thermal_695,2ft,Chest,31.9
Thermal_695,2ft,Forehead,34.7
Thermal_695,2ft,Nose,34.7
Thermal_672,6ft,Chest,30.6
Thermal_617,6ft,Chest,32.2
Thermal_617,6ft,Forehead,34.5
Thermal_865,10ft,Forehead,31.8
Thermal_950,10ft,Chest,29.9
Thermal_822,10ft,Chest,31.3
Thermal_921,2ft,Chest,29.5
Thermal_921,2ft,Forehead,31.2
Thermal_861,10ft,Chest,31.9
Thermal_776,10ft,Chest,31.0
Thermal_722,10ft,Chest,33.9
Thermal_971,2ft,Chest,32.7
Thermal_971,2ft,Forehead,34.7
Thermal_971,2ft,Nose,33.2
Thermal_1032,6ft,Chest,30.8
Thermal_1032,6ft,Forehead,34.2
Thermal_671,6ft,Chest,30.5
Thermal_608,2ft,Chest,31.4
Thermal_608,2ft,Nose,33.9
Thermal_608,2ft,Forehead,33.2
Thermal_862,10ft,Chest,31.9
Thermal_545,10ft,Chest,29.3
Thermal_545,10ft,Forehead,31.4
Thermal_642,10ft,Chest,30.1
Thermal_712,6ft,Chest,32.2
Thermal_586,10ft,Chest,31.5
Thermal_586,10ft,Forehead,34.4
Thermal_928,2ft,Chest,30.6
Thermal_628,6ft,Chest,30.5
Thermal_640,10ft,Chest,30.1
Thermal_958,10ft,Chest,29.3
Thermal_590,10ft,Chest,29.9
Thermal_593,10ft,Chest,29.8
Thermal_538,6ft,Chest,29.9
Thermal_538,6ft,Forehead,32.9
Thermal_680,10ft,Chest,29.8
Thermal_825,10ft,Chest,31.3
Thermal_823,10ft,Chest,31.4
Thermal_894,6ft,Chest,31.8
Thermal_887,6ft,Chest,32.2
Thermal_962,2ft,Chest,33.3
Thermal_962,2ft,Forehead,35.8
Thermal_962,2ft,Nose,35.1
Thermal_709,6ft,Chest,32.3
Thermal_828,2ft,Chest,33.0
Thermal_691,2ft,Chest,34.4
Thermal_691,2ft,Forehead,37.2
Thermal_691,2ft,Nose,37.2
Thermal_718,6ft,Chest,32.2
Thermal_658,2ft,Chest,31.7
Thermal_658,2ft,Nose,30.7
Thermal_535,6ft,Chest,29.5
Thermal_666,6ft,Chest,30.6
Thermal_986,6ft,Chest,32.5
Thermal_960,10ft,Chest,29.7
Thermal_754,6ft,Chest,31.4
Thermal_754,6ft,Forehead,34.3
Thermal_546,10ft,Chest,29.1
Thermal_546,10ft,Forehead,30.4
Thermal_515,2ft,Chest,30.2
Thermal_515,2ft,Nose,32.7
Thermal_803,6ft,Chest,31.1
Thermal_803,6ft,Nose,33.3
Thermal_706,6ft,Chest,32.0
Thermal_753,6ft,Chest,31.8
Thermal_652,2ft,Chest,32.0
Thermal_652,2ft,Nose,32.8
Thermal_652,2ft,Forehead,33.3
Thermal_659,2ft,Chest,32.1
Thermal_659,2ft,Forehead,33.6
Thermal_659,2ft,Nose,31.8
Thermal_721,10ft,Chest,33.7
Thermal_789,2ft,Chest,31.1
Thermal_789,2ft,Nose,32.6
Thermal_927,2ft,Nose,29.5
Thermal_927,2ft,Forehead,33.4
Thermal_927,2ft,Chest,30.5
Thermal_733,10ft,Chest,32.1
Thermal_752,6ft,Chest,32.0
Thermal_568,2ft,Chest,30.1
Thermal_568,2ft,Forehead,33.8
Thermal_568,2ft,Nose,33.8
Thermal_615,2ft,Chest,31.1
Thermal_615,2ft,Nose,32.3
Thermal_615,2ft,Forehead,33.1
Thermal_682,10ft,Chest,29.9
Thermal_588,10ft,Chest,31.9
Thermal_856,10ft,Chest,33.1
Thermal_990,6ft,Chest,32.5
Thermal_614,2ft,Chest,30.8
Thermal_614,2ft,Forehead,32.6
Thermal_614,2ft,Nose,32.9
Thermal_1019,2ft,Chest,31.8
Thermal_1019,2ft,Forehead,34.8
Thermal_1019,2ft,Nose,33.8
Thermal_888,6ft,Chest,31.6
Thermal_660,2ft,Chest,32.2
Thermal_660,2ft,Nose,32.0
Thermal_660,2ft,Forehead,33.7
Thermal_561,2ft,Chest,30.9
Thermal_561,2ft,Forehead,33.6
Thermal_954,10ft,Chest,29.5
Thermal_626,6ft,Chest,30.6
Thermal_626,6ft,Nose,33.2
Thermal_626,6ft,Forehead,33.4
Thermal_670,6ft,Chest,30.7
Thermal_889,6ft,Chest,31.3
Thermal_542,10ft,Chest,30.4
Thermal_542,10ft,Forehead,33.0
Thermal_978,6ft,Chest,34.0
Thermal_730,10ft,Chest,32.5
Thermal_770,10ft,Chest,31.7
Thermal_876,2ft,Chest,32.0
Thermal_876,2ft,Nose,34.6
Thermal_851,6ft,Chest,32.0
Thermal_707,6ft,Chest,32.2
Thermal_673,6ft,Chest,30.5
Thermal_664,6ft,Chest,31.1
Thermal_806,6ft,Chest,31.5
Thermal_544,10ft,Chest,29.5
Thermal_544,10ft,Forehead,31.9
Thermal_1014,2ft,Chest,31.8
Thermal_1014,2ft,Forehead,34.9
Thermal_1014,2ft,Nose,33.6
Thermal_540,6ft,Chest,29.8
Thermal_835,2ft,Chest,32.8
Thermal_835,2ft,Forehead,35.3
Thermal_835,2ft,Nose,34.2
Thermal_567,2ft,Chest,30.4
Thermal_567,2ft,Forehead,33.6
Thermal_567,2ft,Nose,34.1
Thermal_857,10ft,Chest,33.1
Thermal_674,6ft,Chest,30.6
Thermal_638,10ft,Chest,29.5
Thermal_890,6ft,Chest,32.4
Thermal_762,6ft,Chest,31.5
Thermal_704,2ft,Chest,32.2
Thermal_704,2ft,Forehead,34.9
Thermal_850,6ft,Chest,32.0
Thermal_998,10ft,Chest,32.3
Thermal_981,6ft,Chest,32.8
Thermal_818,10ft,Chest,31.2
Thermal_694,2ft,Chest,32.2
Thermal_694,2ft,Forehead,34.9
Thermal_694,2ft,Nose,34.7
Thermal_747,2ft,Chest,32.2
Thermal_747,2ft,Forehead,35.0
Thermal_747,2ft,Nose,35.3
Thermal_880,2ft,Chest,31.7
Thermal_880,2ft,Nose,34.2
Thermal_880,2ft,Forehead,34.3
Thermal_1046,10ft,Chest,30.8
Thermal_817,10ft,Chest,31.2
Thermal_631,10ft,Chest,31.6
Thermal_539,6ft,Chest,29.8
Thermal_539,6ft,Forehead,33.1
Thermal_802,6ft,Chest,31.3
Thermal_802,6ft,Nose,33.0
Thermal_681,10ft,Chest,29.9
Thermal_902,10ft,Chest,32.5
Thermal_622,6ft,Chest,30.4
Thermal_559,2ft,Chest,30.3
Thermal_559,2ft,Forehead,33.2
Thermal_559,2ft,Nose,33.5
Thermal_944,6ft,Chest,30.3
Thermal_985,6ft,Chest,32.5
Thermal_548,10ft,Chest,28.7
Thermal_821,10ft,Chest,31.2
Thermal_609,2ft,Chest,31.0
Thermal_609,2ft,Nose,33.0
Thermal_609,2ft,Forehead,33.2
Thermal_976,6ft,Chest,34.3
Thermal_976,6ft,Forehead,36.1
Thermal_929,2ft,Chest,30.8
Thermal_929,2ft,Forehead,34.3
Thermal_929,2ft,Nose,30.0
Thermal_1020,2ft,Chest,31.7
Thermal_1020,2ft,Nose,33.8
Thermal_1020,2ft,Forehead,34.8
Thermal_734,10ft,Chest,31.9
Thermal_537,6ft,Chest,29.5
Thermal_537,6ft,Forehead,32.6
Thermal_935,6ft,Chest,30.5
Thermal_882,2ft,Chest,31.6
Thermal_882,2ft,Nose,34.3
Thermal_923,2ft,Chest,30.9
Thermal_686,10ft,Chest,29.6
Thermal_916,2ft,Chest,30.6
Thermal_916,2ft,Forehead,33.9
Thermal_916,2ft,Nose,30.1
Thermal_846,6ft,Chest,32.1
Thermal_779,10ft,Chest,30.4
Thermal_1010,2ft,Chest,32.6
Thermal_1010,2ft,Nose,34.7
Thermal_1010,2ft,Forehead,35.7
Thermal_759,6ft,Chest,31.9
Thermal_938,6ft,Chest,30.2
Thermal_603,2ft,Chest,31.7
Thermal_603,2ft,Forehead,34.0
Thermal_603,2ft,Nose,33.8
Thermal_605,2ft,Chest,31.0
Thermal_605,2ft,Forehead,32.6
Thermal_605,2ft,Nose,32.3
Thermal_988,6ft,Chest,32.4
Thermal_800,6ft,Chest,31.6
Thermal_629,6ft,Chest,30.5
Thermal_698,2ft,Chest,30.6
Thermal_698,2ft,Forehead,33.1
Thermal_698,2ft,Nose,32.4
Thermal_578,6ft,Chest,31.0
Thermal_814,10ft,Chest,31.7
Thermal_841,6ft,Chest,32.6
Thermal_602,2ft,Chest,32.3
Thermal_602,2ft,Forehead,34.4
Thermal_602,2ft,Nose,34.7
Thermal_611,2ft,Chest,31.1
Thermal_611,2ft,Forehead,33.7
Thermal_611,2ft,Nose,34.0
Thermal_1031,6ft,Chest,30.9
Thermal_1031,6ft,Forehead,33.7
Thermal_667,6ft,Chest,31.3
Thermal_551,10ft,Chest,29.8
Thermal_551,10ft,Forehead,32.8
Thermal_820,10ft,Chest,31.1
Thermal_641,10ft,Chest,30.1
Thermal_748,2ft,Forehead,35.1
Thermal_748,2ft,Chest,32.0
Thermal_748,2ft,Nose,35.4
Thermal_714,6ft,Chest,32.1
Thermal_834,2ft,Chest,32.9
Thermal_834,2ft,Forehead,35.5
Thermal_834,2ft,Nose,34.3
Thermal_761,6ft,Chest,31.6
Thermal_592,10ft,Chest,29.6
Thermal_643,10ft,Chest,30.0
Thermal_699,2ft,Chest,30.2
Thermal_699,2ft,Forehead,33.0
Thermal_699,2ft,Nose,32.6
Thermal_926,2ft,Chest,30.5
Thermal_926,2ft,Forehead,33.6
Thermal_926,2ft,Nose,29.7
Thermal_570,2ft,Chest,30.6
Thermal_570,2ft,Forehead,33.0
Thermal_570,2ft,Nose,33.2
Thermal_549,10ft,Chest,30.2
Thermal_520,2ft,Chest,29.6
Thermal_520,2ft,Nose,32.6
Thermal_1040,10ft,Chest,31.2
Thermal_757,6ft,Chest,32.0
Thermal_819,10ft,Chest,31.1
Thermal_563,2ft,Chest,30.1
Thermal_563,2ft,Forehead,33.0
Thermal_563,2ft,Nose,33.6
Thermal_528,6ft,Chest,29.9
Thermal_528,6ft,Nose,32.6
Thermal_528,6ft,Forehead,33.8
Thermal_553,10ft,Chest,29.9
Thermal_553,10ft,Forehead,32.3
Thermal_676,10ft,Chest,31.7
Thermal_979,6ft,Chest,33.8
Thermal_961,2ft,Forehead,36.1
Thermal_961,2ft,Nose,35.7
Thermal_961,2ft,Chest,33.7
Thermal_584,6ft,Chest,30.4
Thermal_584,6ft,Forehead,33.2
Thermal_584,6ft,Nose,33.0
Thermal_849,6ft,Chest,32.0
Thermal_518,2ft,Chest,30.0
Thermal_518,2ft,Nose,34.1
Thermal_582,6ft,Chest,29.5
Thermal_582,6ft,Forehead,32.8
Thermal_1009,2ft,Chest,33.1
Thermal_1009,2ft,Forehead,35.7
Thermal_1009,2ft,Nose,35.2
Thermal_648,2ft,Chest,31.8
Thermal_648,2ft,Nose,33.5
Thermal_907,10ft,Chest,30.4
Thermal_838,2ft,Chest,32.6
Thermal_838,2ft,Forehead,35.3
Thermal_992,10ft,Chest,34.6
Thermal_662,6ft,Chest,32.5
Thermal_636,10ft,Chest,29.9
Thermal_982,6ft,Chest,32.4
Thermal_606,2ft,Chest,31.9
Thermal_606,2ft,Nose,33.4
Thermal_606,2ft,Forehead,33.6
Thermal_942,6ft,Chest,30.1
Thermal_942,6ft,Forehead,32.5
Thermal_952,10ft,Chest,29.7
Thermal_763,6ft,Chest,31.6
Thermal_763,6ft,Forehead,34.1
Thermal_884,2ft,Chest,31.5
Thermal_980,6ft,Chest,32.8
Thermal_972,2ft,Chest,32.6
Thermal_972,2ft,Forehead,34.9
Thermal_627,6ft,Chest,30.5
Thermal_627,6ft,Forehead,33.3
Thermal_974,2ft,Chest,32.6
Thermal_1048,10ft,Chest,31.3
Thermal_604,2ft,Chest,31.2
Thermal_604,2ft,Nose,32.7
Thermal_604,2ft,Forehead,32.8
Thermal_668,6ft,Chest,30.9
Thermal_765,6ft,Chest,31.8
Thermal_1023,6ft,Chest,31.8
Thermal_1023,6ft,Forehead,34.6
Thermal_556,2ft,Chest,32.1
Thermal_556,2ft,Forehead,35.3
Thermal_556,2ft,Nose,35.2
Thermal_616,6ft,Chest,32.0
Thermal_616,6ft,Forehead,33.8
Thermal_616,6ft,Nose,34.8
Thermal_554,10ft,Chest,29.7
Thermal_554,10ft,Forehead,32.6
Thermal_1049,10ft,Chest,31.5
Thermal_665,6ft,Chest,30.8
Thermal_996,10ft,Chest,32.6
Thermal_579,6ft,Chest,30.4
Thermal_579,6ft,Forehead,33.4
Thermal_1004,10ft,Chest,32.6
Thermal_687,10ft,Chest,29.7
Thermal_696,2ft,Chest,31.3
Thermal_696,2ft,Forehead,33.6
Thermal_696,2ft,Nose,33.9
Thermal_875,2ft,Chest,32.3
Thermal_875,2ft,Forehead,34.6
Thermal_875,2ft,Nose,34.7
Thermal_872,2ft,Chest,32.1
Thermal_872,2ft,Forehead,34.8
Thermal_872,2ft,Nose,35.2
Thermal_527,6ft,Chest,30.0
Thermal_527,6ft,Forehead,33.6
Thermal_750,2ft,Chest,32.2
Thermal_750,2ft,Forehead,35.5
Thermal_750,2ft,Nose,34.4
Thermal_1003,10ft,Chest,32.7
Thermal_650,2ft,Chest,31.7
Thermal_669,6ft,Chest,30.9
Thermal_740,2ft,Chest,32.0
Thermal_740,2ft,Forehead,35.1
Thermal_740,2ft,Nose,34.1
Thermal_560,2ft,Chest,31.7
Thermal_560,2ft,Forehead,34.4
Thermal_560,2ft,Nose,34.0
Thermal_837,2ft,Chest,32.7
Thermal_837,2ft,Forehead,35.2
Thermal_837,2ft,Nose,34.0
Thermal_826,2ft,Chest,33.2
Thermal_826,2ft,Forehead,35.5
Thermal_826,2ft,Nose,33.9
Thermal_577,6ft,Chest,31.2
Thermal_577,6ft,Forehead,34.0
Thermal_532,6ft,Chest,30.1
Thermal_1037,10ft,Chest,31.8
Thermal_1037,10ft,Forehead,34.0
Thermal_589,10ft,Chest,30.1
Thermal_768,10ft,Chest,32.1
Thermal_831,2ft,Chest,32.6
Thermal_831,2ft,Nose,33.6
Thermal_933,6ft,Chest,31.5
Thermal_581,6ft,Chest,29.8
Thermal_581,6ft,Forehead,32.9
Thermal_701,2ft,Chest,32.8
Thermal_701,2ft,Forehead,35.3
Thermal_701,2ft,Nose,35.6
Thermal_599,10ft,Chest,29.9
Thermal_910,10ft,Chest,31.1
Thermal_525,2ft,Chest,29.6
Thermal_525,2ft,Nose,32.4
Thermal_525,2ft,Forehead,32.3
Thermal_634,10ft,Chest,30.3
Thermal_773,10ft,Chest,30.5
Thermal_516,2ft,Chest,29.6
Thermal_516,2ft,Nose,34.3
Thermal_516,2ft,Forehead,32.3
Thermal_883,2ft,Chest,31.4
Thermal_883,2ft,Nose,34.2
Thermal_1022,6ft,Chest,32.6
Thermal_1022,6ft,Forehead,35.5
Thermal_970,2ft,Chest,32.9
Thermal_970,2ft,Forehead,35.1
Thermal_970,2ft,Nose,34.6
Thermal_903,10ft,Chest,32.2
Thermal_550,10ft,Chest,30.2
Thermal_574,6ft,Chest,30.9
Thermal_574,6ft,Forehead,33.7
Thermal_771,10ft,Chest,31.1
Thermal_975,2ft,Chest,32.5
Thermal_975,2ft,Forehead,35.0
Thermal_975,2ft,Nose,33.7
Thermal_760,6ft,Chest,31.7
Thermal_904,10ft,Chest,31.7
Thermal_877,2ft,Chest,31.9
Thermal_877,2ft,Forehead,34.3
Thermal_877,2ft,Nose,34.4
Thermal_576,6ft,Chest,30.2
Thermal_576,6ft,Forehead,33.0
Thermal_1043,10ft,Chest,30.8
Thermal_1043,10ft,Forehead,33.4
Thermal_663,6ft,Chest,31.3
Thermal_813,10ft,Chest,32.7
Thermal_957,10ft,Chest,29.4
Thermal_751,6ft,Chest,32.5
Thermal_751,6ft,Forehead,35.6
Thermal_953,10ft,Chest,29.6
Thermal_534,6ft,Chest,29.7
Thermal_512,2ft,Forehead,34.2
Thermal_512,2ft,Chest,31.2
Thermal_512,2ft,Nose,34.9
Thermal_782,2ft,Chest,31.4
Thermal_782,2ft,Nose,32.7
Thermal_932,6ft,Chest,31.4
Thermal_932,6ft,Forehead,33.7
Thermal_618,6ft,Chest,32.0
Thermal_637,10ft,Chest,29.7
Thermal_700,2ft,Chest,30.1
Thermal_700,2ft,Forehead,32.6
Thermal_523,2ft,Chest,29.7
Thermal_523,2ft,Forehead,33.5
Thermal_523,2ft,Nose,33.7
Thermal_809,6ft,Chest,31.5
Thermal_809,6ft,Nose,33.2
Thermal_847,6ft,Chest,32.1
Thermal_1041,10ft,Chest,31.0
Thermal_644,10ft,Chest,29.8
Thermal_598,10ft,Chest,28.9
Thermal_598,10ft,Forehead,31.9
Thermal_936,6ft,Chest,30.3
Thermal_625,6ft,Chest,30.6
Thermal_784,2ft,Chest,31.2
Thermal_784,2ft,Nose,32.4
Thermal_784,2ft,Forehead,34.5
Thermal_881,2ft,Chest,31.6
Thermal_965,2ft,Chest,32.2
Thermal_892,6ft,Chest,31.7
Thermal_655,2ft,Chest,31.6
Thermal_655,2ft,Nose,32.1
Thermal_945,6ft,Chest,30.3
Thermal_630,6ft,Chest,30.5
Thermal_630,6ft,Nose,31.5
Thermal_656,2ft,Chest,31.9
Thermal_656,2ft,Nose,32.9
Thermal_651,2ft,Chest,31.3
Thermal_651,2ft,Nose,32.6
Thermal_963,2ft,Chest,33.0
Thermal_963,2ft,Nose,34.5
Thermal_566,2ft,Chest,30.9
Thermal_566,2ft,Forehead,33.9
Thermal_566,2ft,Nose,34.2
Thermal_697,2ft,Chest,30.9
Thermal_697,2ft,Nose,32.5
Thermal_697,2ft,Forehead,33.3
Thermal_895,6ft,Chest,31.3
Thermal_780,10ft,Chest,30.2
Thermal_745,2ft,Chest,32.6
Thermal_745,2ft,Nose,34.7
Thermal_1017,2ft,Chest,30.8
Thermal_1017,2ft,Forehead,34.3
Thermal_911,10ft,Chest,30.9
Thermal_913,10ft,Chest,31.2
Thermal_824,10ft,Chest,31.3
Thermal_886,6ft,Chest,32.4
Thermal_839,2ft,Chest,32.6
Thermal_839,2ft,Forehead,35.1
Thermal_720,6ft,Chest,32.2
Thermal_726,10ft,Chest,33.0
Thermal_562,2ft,Chest,30.3
Thermal_562,2ft,Forehead,33.5
Thermal_562,2ft,Nose,33.4
Thermal_620,6ft,Chest,30.9
Thermal_1036,10ft,Chest,32.6
Thermal_842,6ft,Chest,32.7
Thermal_842,6ft,Forehead,34.7
Thermal_612,2ft,Chest,31.0
Thermal_612,2ft,Forehead,33.6
Thermal_612,2ft,Nose,33.8
Thermal_1015,2ft,Chest,31.4
Thermal_1015,2ft,Forehead,34.0
Thermal_1015,2ft,Nose,32.3
Thermal_915,10ft,Chest,30.8
Thermal_1021,6ft,Chest,32.6
Thermal_1021,6ft,Forehead,35.5
Thermal_897,6ft,Chest,31.0
Thermal_749,2ft,Chest,31.9
Thermal_749,2ft,Forehead,34.9
Thermal_774,10ft,Chest,30.1
Thermal_1005,10ft,Chest,32.6
Thermal_1027,6ft,Chest,31.3
Thermal_1027,6ft,Forehead,34.5
Thermal_991,10ft,Chest,34.6
Thermal_1008,2ft,Chest,33.5
Thermal_1008,2ft,Forehead,36.6
Thermal_601,2ft,Chest,32.8
Thermal_601,2ft,Forehead,34.6
Thermal_601,2ft,Nose,34.7
Thermal_521,2ft,Forehead,32.8
Thermal_521,2ft,Chest,29.6
Thermal_521,2ft,Nose,33.3
Thermal_964,2ft,Chest,32.6
Thermal_964,2ft,Forehead,34.8
Thermal_1028,6ft,Chest,31.1
Thermal_1028,6ft,Forehead,34.3
Thermal_919,2ft,Chest,30.1
Thermal_919,2ft,Forehead,32.8
Thermal_896,6ft,Chest,31.3
Thermal_829,2ft,Chest,32.8
Thermal_580,6ft,Chest,30.3
Thermal_645,10ft,Chest,29.9
Thermal_781,2ft,Nose,32.4
Thermal_781,2ft,Chest,31.5
Thermal_683,10ft,Chest,29.8
Thermal_713,6ft,Chest,32.0
Thermal_1034,6ft,Chest,31.4
Thermal_1034,6ft,Forehead,33.6
Thermal_739,2ft,Chest,32.5
Thermal_739,2ft,Forehead,35.7
Thermal_739,2ft,Nose,35.9
Thermal_555,10ft,Chest,29.5
Thermal_727,10ft,Chest,32.8
Thermal_845,6ft,Chest,32.2
Thermal_805,6ft,Chest,31.0
Thermal_832,2ft,Chest,32.9
Thermal_832,2ft,Nose,35.2
Thermal_951,10ft,Chest,29.6
Thermal_519,2ft,Chest,29.8
Thermal_519,2ft,Nose,33.4
Thermal_852,6ft,Chest,32.2
Thermal_852,6ft,Nose,33.7
Thermal_885,2ft,Chest,31.6
Thermal_885,2ft,Forehead,33.9
Thermal_885,2ft,Nose,33.5
Thermal_742,2ft,Chest,31.5
Thermal_595,10ft,Chest,29.2
Thermal_786,2ft,Chest,31.2
Thermal_764,6ft,Chest,31.5
Thermal_735,10ft,Chest,31.8
Thermal_893,6ft,Chest,31.3
Thermal_688,10ft,Chest,29.6
Thermal_920,2ft,Chest,29.6
Thermal_920,2ft,Forehead,33.2
Thermal_912,10ft,Chest,31.1
Thermal_836,2ft,Chest,32.8
Thermal_836,2ft,Forehead,35.1
Thermal_948,10ft,Chest,30.9
Thermal_633,10ft,Chest,31.7
Thermal_583,6ft,Chest,30.4
Thermal_583,6ft,Forehead,33.6
Thermal_723,10ft,Chest,33.8
Thermal_716,6ft,Chest,31.9
Thermal_993,10ft,Chest,34.4
Thermal_685,10ft,Chest,29.6
Thermal_967,2ft,Forehead,35.5
Thermal_967,2ft,Nose,34.7
Thermal_967,2ft,Chest,33.3
Thermal_725,10ft,Chest,33.3
Thermal_870,10ft,Chest,31.5
Thermal_994,10ft,Chest,34.3
Thermal_573,6ft,Chest,31.4
Thermal_573,6ft,Forehead,34.5
Thermal_649,2ft,Chest,32.0
Thermal_649,2ft,Nose,32.6
Thermal_649,2ft,Forehead,34.5
Thermal_541,10ft,Chest,30.6
Thermal_541,10ft,Forehead,33.2
Thermal_968,2ft,Chest,32.9
Thermal_968,2ft,Forehead,35.0
Thermal_906,10ft,Chest,30.8
Thermal_864,10ft,Chest,32.1
Thermal_1026,6ft,Chest,31.3
Thermal_775,10ft,Chest,31.0
Thermal_526,6ft,Forehead,34.4
Thermal_526,6ft,Nose,35.4
Thermal_526,6ft,Chest,32.0
Thermal_1030,6ft,Forehead,33.4
Thermal_1030,6ft,Nose,32.2
Thermal_1030,6ft,Chest,31.0
Thermal_569,2ft,Forehead,32.6
Thermal_569,2ft,Nose,33.2
Thermal_569,2ft,Chest,30.0
Thermal_977,6ft,Forehead,36.3
Thermal_977,6ft,Chest,34.3
